1:"недвижимость; квартиры"
2:"поддержка стартапов;государственные услуги;бизнес-услуги"
3:"мармелад; сладости"
4:"цифровая безопасность; бизнес"
5:"элитная недвижимость; квартиры; жилые комплексы"
6:"недвижимость; квартиры"
7:"Дома из клееного бруса; коттеджи; малоэтажное строительство"
8:"Краска; строительные материалы"
9:"Коттеджные поселки; загородная недвижимость; участки земли"
10:"образование; онлайн-курсы; тренинги"
11:"балки БДК для опалубки; стройматериалы; аренда стройтехники"
12:"средства против плесени; уборка"
13:"жилая недвижимость; новостройки"
14:"коттеджные поселки; недвижимость; отдых"
15:"жилая недвижимость; девелопмент"
16:"дачные домики; каркасные дома"
17:"автоматизация бизнеса; шаблоны документов; сервисы для самозанятых"
18:"кросс-купе; кроссовер; автомобили"
19:"дизайн интерьеров; услуги для бизнеса"
20:"недвижимость; квартиры"
21:"банковские услуги; B2B-сервисы"
22:"мобильная связь; интернет"
23:"фотошкола; образование; курсы"
24:"садовая техника; аккумуляторная техника; электроинструмент"
25:"антикафе; экзотариум; кафе-развлечения"
26:"жилые комплексы; недвижимость; бизнес-класс"
27:"недвижимость; апартаменты"
28:"масла редукторные; масла индустриальные; автохимия avto-status+2"
29:"Диваны; Мебель"
30:"кассовая техника; обслуживание и ремонт оборудования"
31:"кассовое оборудование; ремонт"
32:"Кадастровые работы; юридические услуги; услуги землеустройства"
33:"жалюзи; домашний декор"
34:"элитная недвижимость; жильё; новостройки"
35:"здоровье; красота; лекарства"
36:"складская техника; электрический штабелер"
37:"инструменты для монтажа труб; сантехника"
38:"геотекстиль; стройматериалы; гидроизоляция"
39:"станки; промышленное оборудование"
40:"светильники; светодиодное освещение"
41:"чистка компьютеров; услуги"
42:"недвижимость; инвестиции"
43:"автомобили"
44:"земельные участки; недвижимость"
45:"пиломатериалы; стройматериалы"
46:"одежда; головные уборы"
47:"обувь; аксессуары"
48:"дорожное строительство; асфальтирование; проектирование; ремонт дорог"
49:"загородная недвижимость; участки; коттеджные поселки"
50:"дома из бруса; строительство"
51:"автомобили; кроссоверы"
52:"клиника тибетской медицины; точечный массаж; услуги детям"
53:"рулонный газон; благоустройство; услуги по озеленению и ландшафту"
54:"недвижимость; ипотека"
55:"СКУД; сеть и безопасность; оборудование для маркетплейсов"
56:"вентиляционные решетки; вентиляция"
57:"телефония для бизнеса; виртуальная АТС; коммуникационные сервисы"
58:"загородная недвижимость; земельные участки; коттеджные поселки"
59:"электровелосипеды; велосипеды; электротранспорт"
60:"Экспортные услуги; бизнес-консалтинг"
61:"автомобили; легковые автомобили"
62:"облачное хранилище; IT-услуги; кибербезопасность"
63:"Бани; дома"
64:"здоровье; красота; лекарства"
65:"краски для бетонных полов; краска"
66:"Земельные участки; коттеджные поселки"
67:"загородная недвижимость; коттеджный поселок"
68:"жилые комплексы; недвижимость"
69:"автомобили; внедорожники"
70:"Аквапарк; Термы; СПА; Водные развлечения; Развлекательный комплекс"
71:"коттеджи; загородная недвижимость"
72:"лакокрасочные материалы; эмаль для бетонных полов; строительные материалы"
73:"страхование; авто"
74:"бетонные лестницы; строительство"
75:"элитная недвижимость;коттеджные посёлки;загородная недвижимость"
76:"Модельное агентство; Кастинг"
77:"загородная недвижимость;коттеджи"
78:"Private Banking; Финансы"
79:"фасадные термопанели; утепление дома"
80:"цветочное оформление; флористика; декор"
81:"художественное обучение; арт-студия"
82:"аренда спецтехники; экскаваторы"
83:"молочные продукты; творог; сырки"
84:"молочные продукты; сладости"
85:"государственные программы; образовательные проекты; мероприятия для IT-специалистов; цифровые технологии"
86:"Прицепы для лодок; прицепы для катеров; прицепы для гидроциклов"
87:"кухонная мебель; мебель на заказ; услуги дизайна"
88:"металлообработка; услуги"
89:"строительство домов; недвижимость"
90:"одежда; трикотаж"
91:"навесы для автомобилей; строительство"
92:"дачные дома; каркасные дома"
93:"строительство; дома"
94:"образование; курсы по дизайну"
95:"часы; аксессуары"
96:"новостройки; недвижимость; жилые комплексы"
97:"банковские карты; финансы"
98:"Ресторан; Французская кухня"
99:"недвижимость; загородная недвижимость; дома"
100:"кофе; франшиза"
101:"офисная недвижимость;бизнес-центр"
102:"независимая оценка; экзамены; услуги"
103:"музыка;подписка"
104:"навесы; строительные конструкции; защита авто"
105:"глэмпинг; туризм; отдых"
106:"поисковые сервисы; голосовой помощник"
107:"доставка еды; сервисы еды"
108:"здоровье; красота; лекарства"
109:"недвижимость; квартиры"
110:"недвижимость; новостройки; риэлторские услуги"
111:"мангальные зоны; гриль"
112:"Эко-комплекс; загородная недвижимость; отдых на природе"
113:"Недвижимость; Жилая недвижимость"
114:"политика; СМИ; новости"
115:"Недвижимость; Новостройки; Девелоперские услуги"
116:"автосервис; ремонт; техническое обслуживание автомобилей"
117:"курорты; путешествия; отдых"
118:"государственная лотерея; азартные игры"
119:"офисная мебель; мебель для офиса"
120:"природный камень; стройматериалы; декор"
121:"лакокрасочные материалы; антикоррозия"
122:"сварочные электроды; сварочные материалы 72.ru_17557873122.jpgventsvar"
123:"здоровье; лекарства; красота"
124:"металлопрокат; строительные материалы; промышленные товары"
125:"диваны; мебель для дома"
126:"складская техника; ричтраки"
127:"защитные покрытия для бетона; строительные материалы; лакокрасочные материалы"
128:"лакокрасочные материалы; защитные покрытия для бетона"
129:"сантехнические перегородки; услуги"
130:"персональный тренер; фитнес; бег; велоспорт"
131:"лекарства; средства для иммунитета"
132:"услуги арбориста; услуги садовника; диагностика и лечение растений"
133:"фитнес; спортклуб; бассейн"
134:"складская техника; погрузчики; штабелеры; оборудование для склада"
135:"обследование зданий; строительные услуги"
136:"типография; печатные услуги"
137:"памятники из гранита; ритуальные услуги"
138:"фитнес-клуб; спорт; здоровье"
139:"банковские услуги; вклады; финансы"
140:"загородная недвижимость; земля; участки"
141:"геотекстиль; строительные материалы; гидроизоляция; дренажные системы"
142:"сувенирная продукция; корпоративные подарки; мерч"
143:"Лазерная резка металла; металлообработка"
144:"ночной клуб; музыкальные мероприятия"
145:"ремонт часов; услуги сервиса"
146:"оборудование для розлива жидкостей; производственное оборудование; автоматические линии"
147:"бизнес-центр; офисы"
148:"ППУ трубы; изоляция; трубопровод"
149:"строительное оборудование; аренда опалубки"
150:"юридические услуги; аутсорсинг кадрового учета; услуги для бизнеса"
151:"юридические услуги; бизнес-услуги; услуги по ликвидации компаний"
152:"аренда спецтехники;строительная техника;услуги по аренде экскаваторов"
153:"огнезащитная обработка древесины; лабораторные испытания; строительные услуги"
154:"керамическая плитка; строительные материалы"
155:"здоровье; лекарства; красота"
156:"земельные участки; недвижимость"
157:"программное обеспечение; кибербезопасность"
158:"недвижимость; квартиры; жилой комплекс hals-development+2"
159:"фотошкола; образование; услуги"
160:"недвижимость; квартиры"
161:"ночной клуб; бар; развлечения"
162:"дизайн интерьера; ремонт квартир"
163:"бизнес-образование; образование; консалтинг"
164:"Земельные участки; Недвижимость; Коттеджные поселки"
165:"фитнес-клуб; спортзал; бассейн; услуги спорта"
166:"зеркала; интерьерный дизайн; мебель и аксессуары для дома"
167:"детское питание; молочные смеси"
168:"автомобили; автокредит; автотрейд-ин; автострахование"
169:"банковские карты; бизнес"
170:"реклама; digital-реклама; маркетплейсы"
171:"грузоподъемное оборудование; промышленное оборудование"
172:"Ремонт лепнины; Реставрация; Строительство"
173:"автомобили; автосалоны"
174:"глэмпинг с телескопами; астрономические развлечения; экскурсии; образовательные услуги"
175:"жилой комплекс; недвижимость"
176:"противопростудные комплексы"
177:"стоматология; здоровье; лекарства"
178:"стоматология; зубные виниры"
179:"Недвижимость; Жилые комплексы; Элитное жильё"
180:"фитнес-браслеты; умные часы"
181:"концерт;музыкальное мероприятие;вечеринка"
182:"брендинг; консалтинг; обучение"
183:"стоматология премиум-класса; ортопедическая стоматология; виниры"
184:"майонез; соусы"
185:"автоматизация зданий; SCADA-системы; BMS-системы"
186:"промышленное оборудование; станки"
187:"садовая техника; техника для сада и огорода"
188:"одежда; деловые аксессуары"
189:"электроинструменты; пилы"
190:"электронные государственные услуги; онлайн-голосование; порталы для граждан"
191:"стоматология; зубное протезирование; медицина"
192:"краска для металла; антикоррозийная защита"
193:"жилая недвижимость; застройщик"
194:"барбекю-печи; гриль-столы; уличные камины; садовая мебель и аксессуары"
195:"банковские услуги; бизнес-карты"
196:"онлайн-образование; бизнес-обучение; маркетплейсы"
197:"услуги по поверке счетчиков воды; ЖКХ"
198:"образование; ландшафтный дизайн"
199:"складская техника; самоходные тележки"
200:"недвижимость; ипотека"
201:"обезболивающие гели; лекарства; противовоспалительные средства"
202:"сварочные работы; металлообработка"
203:"инвалидные коляски; медтехника"
204:"станки; промышленное оборудование"
205:"ворота; автоматизация помещений; складские услуги"
206:"лазерная резка металла; металлообработка"
207:"офисы; бизнес-центр; недвижимость"
208:"банковские услуги; исследования рынков"
209:"рулонный газон; благоустройство участков"
210:"коттеджные поселки; недвижимость"
211:"строительные материалы;домокомплекты;деревянные конструкции"
212:"браузер; онлайн-сервисы"
213:"недвижимость;жилые комплексы"
214:"рулонный газон; ландшафтные услуги"
215:"участки;коттеджные поселки;недвижимость"
216:"строительство; проекты домов; недвижимость"
217:"финансы; социальные исследования"
218:"аудит; бухгалтерские услуги; юридические услуги"
219:"кофе; продукты питания"
220:"дизайнерский свет; подвесной светильник; интерьерное освещение"
221:"мебель; стулья"
222:"недвижимость; ипотека; квартиры"
223:"полотенцесушители; электротовары"
224:"недвижимость; элитные квартиры; клубный дом"
225:"смартфоны; электроника"
226:"зерносушилки; сельхозоборудование"
227:"пристройки; террасы; веранды"
228:"стоматология; протезирование"
229:"Автомобили; транспорт"
230:"Строительство; Каркасные дома"
231:"реставрация крыш; кровельные работы; строительные услуги"
232:"жилой комплекс; недвижимость"
233:"пропитка для бетона; упрочняющая пропитка; строительные материалы; промышленные полы"
234:"коттеджные поселки; недвижимость; загородная недвижимость"
235:"загородная недвижимость; участки; коттеджный поселок"
236:"оборудование для лазерной очистки; промышленное оборудование; лазерная техника"
237:"лазерная очистка; оборудование; промышленность"
238:"кровельные работы; строительство"
239:"косметика; средства по уходу за кожей"
240:"автомобили; лизинг"
241:"апартаменты; недвижимость; инвестиции; гостиничный бизнес"
242:"автомобили; автосалоны"
243:"уходовая косметика; дерматологические продукты; антивозрастной уход"
244:"элитная недвижимость; виллы"
245:"недвижимость; элитное жильё; клубный дом"
246:"Лекарственные препараты; Средства от геморроя"
247:"гермовтулки; гермовставки; инженерные системы"
248:"корм для животных; зоотовары"
249:"системы контроля доступа; сетевые решения; программное обеспечение"
250:"юридические услуги; пенсионные споры"
251:"сухой корм для животных; корм для собак и кошек; зоотовары"
252:"удаление плесени и грибка; услуги дезинфекции; уборка помещений"
253:"отделка; фасадные панели; сайдинг"
254:"недвижимость; коттеджи; участки"
255:"элитная недвижимость; дома"
256:"охрана объектов; услуги безопасности; строительные услуги"
257:"программы мотивации для продавцов; цифровые решения"
258:"краска для металла; антикоррозийное покрытие"
259:"детская одежда"
260:"Кадастровые услуги; Геодезические услуги; Земельное оформление"
261:"флоатинг; спа; релакс; сенсорная депривация"
262:"блог; здоровье; лекарства"
263:"цифровые медиа; наружная реклама; информационные услуги"
264:"Навесы для автомобилей; Строительство навесов"
265:"образование ; онлайн-курсы ; IT-курсы"
266:"реконструкция; анализ исходных данных; консалтинг"
267:"аптека; лекарства; здоровье"
268:"бизнес-центр; офисная недвижимость; коммерческая недвижимость"
269:"дизайн интерьера; проектирование стоматологий"
270:"здоровье; красота; лекарства"
271:"строительство домов; дома из бруса"
272:"кухни; кухонная мебель"
273:"Электроника; аксессуары"
274:"недвижимость; загородные дома; коттеджный поселок"
275:"IT-сервисы;Погода"
276:"контактный зоопарк; экопарк"
277:"медицинские товары; средства личной гигиены; социальная реклама"
278:"наушники; электроника"
279:"стеклянные ограждения; окна; строительство; автоматизация"
280:"отель; отдых; туризм"
281:"макаронные изделия"
282:"внедорожник; авто"
283:"кузовной ремонт; автозапчасти; ремонт автомобилей"
284:"банкетный зал; организация мероприятий; парк-отель"
285:"Дома из клееного бруса; строительство"
286:"кухни; мебель"
287:"жилые комплексы; недвижимость"
288:"международные платежи; бизнес-услуги"
289:"офисная недвижимость; бизнес-центр"
290:"земельные участки; недвижимость; поселки"
291:"аптека; лекарства; товары для здоровья"
292:"строительные материалы; пропитка для бетона"
293:"Перетяжка мебели; ремонт мебели"
294:"жилые комплексы; недвижимость"
295:"финансовые услуги; банки"
296:"загородная недвижимость; участки; коттеджные поселки"
297:"рефрижераторные контейнеры; оборудование для хранения и перевозки"
298:"недвижимость; жилье; строительство"
299:"кисломолочные продукты; скир; продукты для здорового питания"
300:"дома из Кело; строительство домов"
301:"БАД; витамины и минералы"
302:"чернила для принтера; расходные материалы для печати; офисные товары"
303:"вакуумные упаковщики; оборудование"
304:"видеоигра; мобильная игра; браузерная игра"
305:"массажные кресла; массажное оборудование"
306:"дачные домики; бытовки; хозяйственные постройки"
307:"туры; экскурсии; круизы; путешествия"
308:"умные розетки; умные выключатели; умные электроустановочные изделия"
309:"концерты; классическая музыка; досуг детей"
310:"элитная недвижимость;жилой комплекс"
311:"Автомобили; Внедорожники"
312:"кровати; мебель"
313:"недвижимость; элитное жилье"
314:"мобильный интернет; связь"
315:"одежда; стритвир"
316:"Мебель; стулья"
317:"посуда; кухонные принадлежности"
318:"Автомобиль; Минивэн"
319:"Домашние товары; мебель; декор"
320:"товары для дома; мебель; интерьер"
321:"покрытия для полов; строительные материалы; лакокрасочные изделия"
322:"недвижимость; новостройки; жильё"
323:"аудит; бухгалтерские услуги"
324:"лак для бетона; строительные материалы; защитные покрытия"
325:"спецодежда; средства индивидуальной защиты; одежда"
326:"спецодежда; Сварочные костюмы"
327:"жилая недвижимость; клубные квартиры; курортный комплекс"
328:"строительные материалы; геотекстиль; гидроизоляция; дренажные системы; сельское хозяйство; ландшафт"
329:"дорожные знаки; товары для парковки"
330:"выставочные ширмы; выставочные стенды; оборудование для выставок"
331:"садовая техника ; аккумуляторная техника ; электротехника"
332:"омолаживающие препараты; нутрицевтики; БАД"
333:"мебель; стулья"
334:"потолки; строительные материалы"
335:"3D-печать; услуги прототипирования"
336:"строительные материалы; пропитка"
337:"геотекстиль; строительные материалы; гидроизоляция"
338:"лазерная резка металла; промышленные услуги; металлообработка"
339:"шторы; интерьерный текстиль"
340:"керамическая плитка; стройматериалы"
341:"краски; антикоррозийная защита"
342:"грузовые автомобили; автопром; промышленность"
343:"банковские услуги; b2b-решения"
344:"СМИ; технологии; искусственный интеллект"
345:"пластическая хирургия; косметология; медицина"
346:"Реставрация; ремонт; услуги для исторических зданий"
347:"ТЭНы; промышленные нагреватели"
348:"Автомобили; Кроссоверы"
349:"недвижимость; жилые комплексы"
350:"автомобили; онлайн-сервисы"
351:"жилые комплексы; недвижимость"
352:"жилая недвижимость; новостройки; жилой квартал"
353:"автомобили с пробегом; продажа машин"
354:"автомобили; премиум авто"
355:"водный спорт; прогулки на SUP-бордах"
356:"садовая техника; электроинструменты"
357:"3D видео; 3D анимация; архитектурная визуализация; интерьерная визуализация; визуализация"
358:"стоматология; здоровье; мифы"
359:"Апартаменты; Недвижимость; Инвестиции"
360:"недвижимость; ипотеки"
361:"стоматология; услуги"
362:"загородная недвижимость;архитектурные услуги;сервис премиум-класса"
363:"недвижимость; жилье; жилой комплекс; элитное жилье"
364:"лекарства; медицинские препараты; косметикаplanetazdorovoplanetazdorovo.ru_175669279515.jpg"
365:"лекарства от простуды и гриппа; противопростудные препараты; таблетки"
366:"СМИ; технологии; интернет услуги"
367:"станки для лазерной резки; оборудование для промышленности"
368:"школьная одежда; одежда для мальчиков; костюмы для школы"
369:"стоматология; медицина"
370:"лом цветных металлов; металлолом"
371:"Пицца; Фастфуд; Еда"
372:"Лекарственные средства; Аптека"
373:"офисные пространства; недвижимость"
374:"финансы; технологии для пожилых"
375:"квартиры; недвижимость; новостройки"
376:"пансионаты; социальные услуги; пожилые люди"
377:"дома престарелых; пансионаты; уход за пожилыми"
378:"мебель; столы"
379:"Бухгалтерские услуги; аутсорсинг бухгалтерии; услуги для бизнеса"
380:"участки; недвижимость; загородная недвижимость"
381:"коммерческая недвижимость; коммерческие помещения; жилые комплексы"
382:"косметика; парфюмерия; уход"
383:"восстановление данных; ремонт оборудования"
384:"концерт; музыкальное шоу"
385:"утеплители; строительные материалы; теплоизоляция"
386:"офисная мебель; кабинеты руководителя; рабочие столы; офисные кресла soho-design+2"
387:"рабочая одежда; средства защиты"
388:"Новостройки;Недвижимость"
389:"SEO-аудит; интернет-маркетинг; рекламные услуги"
390:"мягкая мебель; дизайнерская мебель; кровати; диваны; кресла"
391:"элайнеры; стоматологические услуги; ортодонтическое лечение"
392:"автомобили;SUV"
393:"здоровье; лекарства; красота"
394:"Опросы; Маркетинговые исследования; Онлайн-услуги"
395:"Недвижимость; Загородная недвижимость; Земельные участки"
396:"строительная химия; клеи; герметики; монтажные материалы"
397:"Постельное белье; Текстиль"
398:"банковские услуги; кредитные карты; финансовые продукты"
399:"земельные участки; коттеджные поселки; недвижимость загородная"
400:"коттеджные посёлки; загородная недвижимость; строительство домов"
401:"велосипеды; электротранспорт"
402:"недвижимость; жилые комплексы; эко-кварталы"
403:"Настольные игрыfilename"
404:"---"
405:"Настольные игры"
406:"Коттеджные поселки; Недвижимость; Земельные участки"
407:"Оборудование для фаст-фуда; Аппараты для приготовления сосисок в яйце"
408:"массажные кресла; техника для здоровья"
409:"строительство домов; строительные материалы; загородное строительство"
410:"косметика; средства для ухода за кожей"
411:"антикафе с экзотариумом; развлекательные услуги; образовательные услуги"
412:"образование; высшее образование; профессиональное обучение"
413:"Новости; Авто; Правила дорожного движения"
414:"военная служба; рекрутинг; государственные услуги"
415:"услуги по мойке окон и фасадов"
416:"Фильтры для воды; Очистка воды; Бытовая техника"
417:"Онлайн-образование; Образовательные курсы; Профессиональное обучение"
418:"Финансовые услуги; Инвестиции; Малый бизнес"
419:"жилые комплексы; недвижимость; недвижимость премиум-класса"
420:"ставки на спорт; спортивные развлечения; футбол"
421:"недвижимость; квартиры; строительство"
422:"коммерческая недвижимость; офисные помещения"
423:"адресные таблички; фасадные таблички; таблички для дома"
424:"цифровой маркетинг; реклама; продвижение в интернете"
425:"школьные товары; товары для школы; реклама товаров к школе"
426:"мебель; мягкая мебель; корпусная мебель; товары для дома"
427:"недвижимость; квартиры; жилье"
428:"ремонт часов; услуги"
429:"Спортивные события; Билеты на спортивные мероприятия; Развлечения"
430:"бьюти-услуги; красота"
431:"Недвижимость; Жилая недвижимость; Квартиры"
432:"гидравлика; промышленное оборудование"
433:"инвестиции;венчурный бизнес;малым бизнесом, поддержка"
434:"мебель ; интерьер ; выставки"
435:"Чернила для принтеров; Расходные материалы для офисной техники"
436:"SEO-аудит; интернет-маркетинг; рекламные услуги"
437:"услуги электролаборатории; электротехническое оборудование"
438:"недвижимость; коттеджные посёлки; земельные участки"
439:"грузовые подъёмники; грузоподъемное оборудование; подъемные механизмы"
440:"приборы учета газа; промышленное оборудование; счетчики газа"
441:"металлопродукция; металлопрокат"
442:"Виртуальная АТС; Облачные коммуникации"
443:"Строительные материалы; Лаки и краски"
444:"недвижимость; загородное жилье; коттеджные поселки"
445:"Строительные материалы; Геотекстиль"
446:"строительные материалы; гидроизоляционные материалы"
447:"уничтожение грибка и плесени; дезинфекция; санитарные услуги"
448:"бизнес-центр; коммерческая недвижимость; офисные помещения"
449:"отделка фасада; декор фасада"
450:"Уход за растениями; Ландшафтные услуги"
451:"История; Культура; Образование"
452:"дома из дерева; строительство домов; деревянное домостроение"
453:"гостиничный бизнес; услуги отдыха; спа-услуги"
454:"Финансовые услуги; Инвестиции"
455:"Кино; Развлечения; Образование"
456:"Театр; Культура; Мероприятия"
457:"Кредиты; Финансовые услуги"
458:"технология; городской прогресс; инновации"
459:"косметика; уход за кожей; здоровье; аптечные товары"
460:"лекарства; иммуномодуляторы; медицинские препараты"
461:"Монтаж и установка систем молниезащиты; Заземление; Строительные услуги"
462:"оборудование для маркировки; автоматизация; промышленные услуги"
463:"наружная реклама; рекламные конструкции; хардпостеры"
464:"Защитные покрытия; Строительные материалы; Лакокрасочные материалы"
465:"Изготовление табличек; Информационные таблички; Таблички на дверь"
466:"лекарственные препараты; растительные препараты; препараты для женского здоровья"
467:"искусственные растения; озеленение; декор интерьера"
468:"Инжиниринговые услуги; Нефтегазовая отрасль"
469:"торговый центр; шоппинг; образование"
470:"IT; корпоративные услуги"
471:"переходники и адаптеры; электроника"
472:"портативный спектрометр; анализатор металлов; лабораторное оборудование"
473:"межкомнатные перегородки"
474:"Банковские услуги; Финансовые услуги; Цифровые технологии"
475:"краска для бассейнов; материалы для гидроизоляции; покрытия для бетона"
476:"заборы; установка заборов; строительные услуги"
477:"ГЛОНАСС/GPS трекеры; системы мониторинга транспорта; услуги по установке автотрекеров"
478:"земельные участки; недвижимость"
479:"краска по металлу; антикоррозионное покрытие; строительные материалы"
480:"онлайн-образование; школа"
481:"сериалы; фильмы; онлайн-кинотеатр"
482:"3D-печать; Запчасти; Промышленное производство"
483:"гидроизоляция; кровельные материалы; строительные материалы"
484:"геотекстиль; стройматериалы; гидроизоляция"
485:"жилые комплексы; недвижимость; квартиры"
486:"складская техника; штабелеры"
487:"строительное оборудование; фасадные подъемники"
488:"автомобильная техника; автосервисы; автозапчасти"
489:"недвижимость; жилье; строительные услуги"
490:"медицина; ортопедия; травматология"
491:"Грузовые автомобили; спецтехника"
492:"Строительство домов; Загородное жилье; Строительные услуги"
493:"декоративные покрытия; материалы для ремонта"
494:"геотекстиль; строительные материалы; гидроизоляция"
495:"строительство домов; загородная недвижимость"
496:"противовирусные препараты; лекарства для иммунитета"
497:"сервисы для бизнеса; деловые путешествия"
498:"загородная недвижимость; участки; коттеджные поселки"
499:"здоровье; красота; лекарства"
500:"3D-печать для промышленности; металлургия"
501:"искусственный камень; стройматериалы; товары для ремонта"
502:"профили для стен и потолков; стройматериалы"
503:"грузовые автомобили; автозавод; промышленное производство"
504:"Новости; Медиа; Аналитика; Информационные услуги"
505:"ювелирные изделия; обручальные кольца"
506:"офисные пространства; недвижимость"
507:"Ювелирные изделия; премии, награды"
508:"напольные покрытия; полы"
509:"недвижимость; жилые комплексы"
510:"утеплители; звукoизоляционные материалы; пожароизоляционные материалы"
511:"остекление коттеджей; алюминиевые конструкции; окна"
512:"лекарства; женское здоровье; биодобавки"
513:"геотекстиль; строительные материалы; дренажные системы"
514:"коттеджи; загородная недвижимость; участки с домами"
515:"вентиляция; кондиционирование; инженерные системы"
516:"витамины для женщин;здоровье женщин"
517:"техника для сада; садовая техника"
518:"Электротехнические услуги; испытания оборудования; промышленное обслуживание"
519:"строительство; недвижимость"
520:"трубы; строительные материалы"
521:"гидроизоляция; кровельные материалы; строительные материалы"
522:"СМИ; технологии; спецпроекты"
523:"Недвижимость; Девелоперские услуги"
524:"ограждения; стойки для барьеров"
525:"банковские услуги; b2b решения"
526:"школьная форма; одежда для девочек"
527:"Отделка фасадов; Строительство"
528:"автомобили; спецтехника"
529:"новости; развлечение"
530:"Автомобили; Кроссоверы"
531:"финансы; технологии; медиа"
532:"автомобили ; автосалон"
533:"Садовая техника; Газонокосилки; Аккумуляторные инструменты"
534:"кровельные работы; ремонт домов"
535:"земельные участки; недвижимость"
536:"одежда; деловая мода; ритейл"
537:"Образование; Онлайн-курсы; Репетиторы"
538:"реклама в интернете;маркетинг"
539:"межкомнатные перегородки; двери; мебель"
540:"садовая техника; электроника"
541:"жилые комплексы; недвижимость"
542:"спецпроект; урбанистика; бизнес; искусство"
543:"мобильная связь; смартфоны"
544:"дома из дерева; строительство"
545:"садовая техника; садовые услуги"
546:"Финансовые услуги; СМИ"
547:"одежда; бизнес-аксессуары"
548:"одежда; офисная мода"
549:"загородная недвижимость; строительство; архитектурные услуги"
550:"крановые системы; промышленное оборудование"
551:"онлайн-игры; игры"
552:"облачные сервисы; IT-услуги; искусственный интеллект (AI)"
553:"недвижимость; квартиры"
554:"недвижимость; жилье"
555:"новостройки; жилой комплекс"
556:"Проектирование и ремонт помещений; услуги для бизнеса"
557:"онлайн-реклама; интернет-услуги"
558:"недвижимость; жилой комплекс"
559:"недвижимость; инвестиции"
560:"недвижимость; загородная недвижимость"
561:"обувь; спортивная обувь"
562:"Банковские услуги; финансы"
563:"садовая техника; техника для дачи; оборудование для благоустройства участка"
564:"недвижимость; апартаменты"
565:"строительство; пристройки; террасы; веранды"
566:"Водогрейные котлы; котлы"
567:"земельные участки; недвижимость"
568:"видеонаблюдение; системы безопасности"
569:"новости; военная техника; СМИ"
570:"СМИ; технологии; образование"
571:"телевизоры; электроника"
572:"погода; онлайн-сервисы"
573:"стоматология; медицинские услуги; здоровье"
574:"Рекламные услуги; брендинг агентство"
575:"здоровье; красота; лекарства"
576:"лотерея; азартные игры"
577:"Электроинструменты; садовая техника"
578:"интернет-реклама; контекстная реклама"
579:"IT-конференция; мероприятия; HR; рекрутинг; маркетинг"
580:"садовая техника; техника"
581:"медиа; технологии; ИИ"
582:"строительство; пристройки; террасы; веранды"
583:"Планшеты; Электроника"
584:"недвижимость; строительство; архитектура"
585:"Виндфлаги; флаги; рекламные конструкции"
586:"Отели; Туризм; Путешествия"
587:"лотерея; азартные игры"
588:"юридические услуги; пенсии"
589:"загородная недвижимость; архитектура; сервис"
590:"медиа; технологии; искусственный интеллект"
591:"брендинговые услуги; маркетинговые услуги"
592:"межкомнатные перегородки; двери; интерьер"
593:"образование; курсы; фэшн-индустрия; дизайн; продакт-менеджмент"
594:"грузовые подъемники; строительное оборудование"
595:"детская одежда; обувь"
596:"Спортивные товары; боксерские перчатки"
597:"Модульные здания; Быстровозводимые конструкции"
598:"ландшафтный дизайн; бизнес"
599:"дачные дома; строительные услуги"
600:"складская техника; погрузчики; спецтехника"
601:"поверка счетчиков воды; коммунальные услуги; сервисные услуги"
602:"компьютеры; электроника"
603:"стоматология; медицинские услуги"
604:"промышленное оборудование; инструменты для монтажа труб; строительные товары"
605:"типография; полиграфия"
606:"барьерные ограждения; стойки; системы ограничения доступа"
607:"аренда спецтехники; строительная техника"
608:"упаковка; коробки"
609:"дистиллированная вода; автотовары"
610:"строительные леса; строительное оборудование; оборудование для мероприятий; опалубка"
611:"фулфилмент; складская логистика; доставка товаров"
612:"недвижимость; финансовые услуги"
613:"здоровье; лекарства; красота"
614:"оклейка авто пленкой; автоуслуги; тюнинг авто"
615:"цемент; строительные смеси"
616:"Предсказания; эзотерика; гороскопы"
617:"Обучение; Бизнес-конференции; Маркетплейсы"
618:"краски для металла ; грунт-эмаль ; антикоррозийные покрытия"
619:"грунт-эмаль для металла; лакокрасочные материалы"
620:"образование; фитнес; тренерские курсы"
621:"Недвижимость; Новостройки"
622:"молниезащита; заземление; проектирование"
623:"косметологические услуги; пилинг; уход за кожей лица"
624:"кино; триллер; драма"
625:"промышленные ворота; автоматические ворота; услуги монтажа"
626:"SEO-аудит; интернет-маркетинг"
627:"контекстная реклама; услуги директолога; рекламные услуги"
628:"металлообработка; услуги B2B"
629:"металлообработка; изготовление металлоизделий; промышленное производство металлоконструкций"
630:"банковские услуги; бизнес"
631:"лотереи; кибербезопасность"
632:"лотереи; кибербезопасность; реклама"
633:"финансы ; благотворительность"
634:"ландшафтный дизайн; бизнес-услуги"
635:"персональные тренировки; фитнес; спорт; обучение"
636:"доставка продуктов; сервис"
637:"Земельные участки; недвижимость"
638:"стоматология;имплантация;протезирование зубов"
639:"образование; колледж"
640:"Каркасные дома; Строительство домов"
641:"промышленное оборудование;строительное оборудование;грузоподъемная техника"
642:"складская техника; штабелер; погрузчик"
643:"образование; колледж"
644:"бассейны;строительство;ландшафтный дизайн"
645:"зоопарк; экопарк; ферма"
646:"СКУД; системы безопасности"
647:"постельное белье; домашний текстиль"
648:"мюзикл; развлечения; театр"
649:"клиника; восточная медицина; массаж"
650:"мебель; диваны"
651:"онлайн-обучение; дистанционное образование; школа"
652:"мобильные игры; RPG; стратегия"
653:"образовательное мероприятие; лекция"
654:"СКУД; контроль доступа; электроника"
655:"Образовательные мероприятия; Строительство и технологии"
656:"рыбные консервы; продукты питания"
657:"загородная недвижимость; дома; участки"
658:"Постельное белье; Текстиль"
659:"курьерская доставка; сервис"
660:"загородный отдых; эко-отель; виллы"
661:"загородный отель; эко-комплекс; виллы для отдыха"
662:"Системы контроля доступа; Электроника"
663:"строительные материалы; ЖБИ"
664:"полотенцесушители;электротовары"
665:"газовые котлы; отопительное оборудование"
666:"здоровье; красота; лекарства"
667:"информационная безопасность; консультационные услуги; облачные провайдеры"
668:"каркасные дома; строительство"
669:"эко-комплекс; отеллинг; SPA-услуги"
670:"химчистка ковров; услуги по чистке"
671:"юридические услуги ; строительные услуги ; консультации"
672:"навесы; металлоконструкции; строительство"
673:"инвестиции; личные финансы; аналитика"
674:"Строительство; Юридические услуги"
675:"недвижимость; загородные дома; коттеджные поселки"
676:"кухни; мебель для кухни; услуги проектирования кухонь"
677:"отопительное оборудование; агропромышленное оборудование; промышленное оборудование"
678:"заборы; строительство; услуги"
679:"загородная недвижимость; коттеджные поселки"
680:"бытовая техника; кухня"
681:"сервис управления проектами; корпоративное ПО; SaaS"
682:"недвижимость; продажа квартир; ЖК"
683:"Коттеджный поселок; загородная недвижимость; участки земли"
684:"Коттеджный поселок; Загородная недвижимость; Земельные участки"
685:"коттеджный поселок; недвижимость"
686:"Недвижимость; Новостройки; Жилые комплексы"
687:"автомобили; транспорт"
688:"недвижимость ; квартира ; премиум квартиры"
689:"Загородная недвижимость; коттеджные поселки"
690:"Коттеджные поселки; Недвижимость; Земельные участки"
691:"элитная недвижимость; жилые комплексы; деловая недвижимость"
692:"Недвижимость; Коттеджные поселки; Земельные участки"
693:"Мебель; Мебель для гостиной; Мебель для спальни; Мягкая мебель; Корпусная мебель"
694:"строительство домов и пристроек; террасы; веранды"
695:"мини-спецтехника; строительная техника"
696:"земельные участки; недвижимость; коттеджные поселки"
697:"Дизайн интерьера; ремонт квартир"
698:"алюминиевые окна; алюминиевые конструкции; остекление"
699:"недвижимость; загородное строительство"
700:"водоочистка; промышленное оборудование"
701:"финтех; сервис онлайн-платежей; b2b-сервис"
702:"лекарства; противопростудные"
703:"недвижимость; загородные дома; коттеджные поселки"
704:"жилой комплекс; недвижимость; квартиры; элитное жильё"
705:"банковские услуги; финансовые услуги"
706:"свежая рыба; деликатесы; продукты питания"
707:"Сайдинг; фасадные панели; ремонт"
708:"гороскопы; астрология; онлайн-сервисы horoscopes.rambler+2"
709:"Загородная недвижимость; девелопмент"
710:"клубный поселок; элитная недвижимость; резиденции; загородная недвижимость"
711:"недвижимость; жилой комплекс"
712:"бытовая техника; стиральные машины"
713:"строительство домов; дерево"
714:"шары из стеклопластика и пенопласта"
715:"автомобили"
716:"коттеджный поселок; недвижимость"
717:"Загородная недвижимость; Земельные участки; Коттеджные поселки"
718:"БАД; витамины и добавки; продукты для женского здоровья"
719:"Новостройки; недвижимость; жилые комплексы"
720:"краски для металла; защитные покрытия"
721:"стоматологические услуги; имплантация зубов"
722:"стоматология; имплантация зубов; медицинские услуги"
723:"Лотереи; Борьба с мошенничеством"
724:"Автомобили; внедорожники"
725:"Финансовые услуги; исследование рынка; благотворительность"
726:"онлайн-кинотеатр;сериалы"
727:"модульные дома; строительство домов"
728:"Строительные материалы и услуги; Огнезащитные услуги"
729:"массажные кресла; мебель; товары для здоровья"
730:"Каркасные дома; Строительство"
731:"Игры; RPG; Компьютерные игры"
732:"военная служба; государственные услуги"
733:"ремонт квартир; дизайн интерьера; услуги"
734:"коттеджный посёлок; недвижимость"
735:"оклейка автомобилей; защита кузова; автосервис; тюнинг авто"
736:"банковские услуги; международные переводы; ВЭД-обслуживание"
737:"беседки; садовая мебель"
738:"земельные участки; коттеджные поселки; недвижимость"
739:"фасадные работы; сайдинг; стройуслуги"
740:"строительные услуги; штукатурка; ремонт помещений"
741:"аренда бизнес-пространств; конференц-залы; услуги для бизнеса"
742:"выставочные стенды; оборудование для выставок; услуги по производству стендов"
743:"дизайн интерьера; ремонт"
744:"маркетинг; аналитика; b2b"
745:"лабораторные услуги; строительные услуги"
746:"образование; профориентация"
747:"лестницы; отделка; ремонт дома"
748:"ПЭТ тара; упаковка; флаконы"
749:"юридические услуги; пенсионные споры; консультации"
750:"туризм; отели; отдых"
751:"промышленные ультразвуковые ванны; оборудование"
752:"здоровье; красота; лекарства; информация блог"
753:"банковские услуги; авто"
754:"билеты на мероприятия; мюзиклы"
755:"дома престарелых; пансионаты для пожилых"
756:"мюзикл; культурное мероприятие; шоу"
757:"Мебель;Диваны;Товары для дома"
758:"стоматология; имплантация"
759:"Охрана труда; консалтинг; документы для бизнеса"
760:"жилой комплекс; элитная недвижимость; клубный квартал"
761:"Финансовые услуги; Благотворительность"
762:"декоративные изделия; промышленные изделия; шары"
763:"онкология; медицина"
764:"Системы учета рабочего времени; Биометрические системы"
765:"ЭКО; репродуктивная медицина; женское здоровье"
766:"назальные средства; антисептические препараты; препараты для лечения ОРВИ, простуды, насморка"
767:"обувь; кроссовки"
768:"выставочные стенды; производство конструкций; услуги по организации выставок"
769:"сервис чиллеров; обслуживание холодильного оборудования; промышленное обслуживание"
770:"бизнес-центр; офисная недвижимость; девелопмент"
771:"металлообработка; промышленное оборудование"
772:"аптеки; лекарства; здоровье"
773:"котельное оборудование; отопление"
774:"Ремонт и техническое обслуживание грузовиков FUSO; Сервис грузовиков; Автомобильные услуги"
775:"b2b-маркетинг; медиа; обучение"
776:"электроника; аудиотехника"
777:"трубы; строительные материалы"
778:"металлоизделия; металлообработка"
779:"Новостройки; Недвижимость; Жилые комплексы"
780:"Наушники; электроника"
781:"нижнее белье; одежда; хлопковые изделия"
782:"дачные дома; строительные услуги"
783:"благотворительность; продукты"
784:"дачные дома; каркасные дома; строительство домов"
785:"недвижимость; стройка; строительство домов"
786:"обучение дайвингу; дайвинг-курсы; спортивное обучение"
787:"Одежда;Кимоно"
788:"Офисные помещения; Лабораторные помещения; Технологические кластеры"
789:"маркетинг; деловые услуги"
790:"холодильное оборудование; оборудование для пивного бизнеса"
791:"земельные участки; загородная недвижимость; коттеджные поселки"
792:"навесы для автомобилей; стройматериалы"
793:"загородная недвижимость; дома; коттеджные поселки"
794:"ремонт кровли; кровельные работы; услуги для дома"
795:"восстановление данных; услуги IT"
796:"бетонные лестницы; строительные услуги; лестничные конструкции"
797:"здоровье; красота; лекарства"
798:"строительные материалы; гранитные изделия; лестничные ступени"
799:"банковские услуги; финтех"
800:"финансовые услуги; банки"
801:"строительство фундаментов; строительные услуги"
802:"финансы; банковские услуги"
803:"образование; учебные заведения"
804:"нижнее белье; бюстгальтер"
805:"дома из бруса; строительство домов; недвижимость"
806:"Маркетинг; бизнес-услуги"
807:"биорегуляторы; БАД"
808:"строительство барбекю; зоны отдыха; беседки"
809:"образование; студенческое жильё"
810:"жилой комплекс; недвижимость; премиум квартиры"
811:"генераторы; электростанции"
812:"стоматология; имплантация"
813:"высшее образование; образовательные услуги; платное обучение; дистанционное обучение; университеты"
814:"электроника; наушники; аудиоустройства"
815:"земельные участки; недвижимость"
816:"земельные участки; коттеджные поселки"
817:"загородная недвижимость; коттеджные поселки; участки с домом"
818:"масло для мебели; масло для столешниц; товары для ухода за деревом"
819:"недвижимость; коммерческая недвижимость; офисные помещения"
820:"земля; загородная недвижимость"
821:"банкетные залы; организация мероприятий; отель"
822:"загородная недвижимость; земельные участки; коттеджи"
823:"автомобили ; кроссоверы"
824:"новостройки; недвижимость"
825:"недвижимость;коттеджи;земельные участки"
826:"пансионаты для пожилых; социальные услуги"
827:"элитная недвижимость; жилые комплексы"
828:"репродуктивная медицина; ЭКО; консультации врачей"
829:"ДМС; страхование; медицина"
830:"автосервис ; защита автомобилей ; оклейка пленкой"
831:"зубные пасты;гигиена"
832:"лекарства; антигистаминные"
833:"ВНЖ и гражданство; иммиграционные услуги; получение виз"
834:"гостиница; отель; курорт"
835:"мобильная связь; телекоммуникации"
836:"электровелосипеды; велосипеды"
837:"Противопростудные комплексы; лекарства"
838:"недвижимость; жилые комплексы; клубные дома"
839:"мотоспорт; экстремальный спорт; спортивные шоу"
840:"загородная недвижимость; коттеджные поселки"
841:"Аудиотехника; Электроника"
842:"промышленное оборудование; отопительные системы; агротехника"
843:"концерты; музыкальные мероприятия; билеты"
844:"коттеджные поселки; загородная недвижимость"
845:"Антикоррозионные покрытия; Полиуретановые грунт-эмали; Защитные покрытия для металла"
846:"металлопрокат; строительные материалы"
847:"пересадка волос; медицинские услуги; трансплантация волос"
848:"материалы для ремонта крыш; краски; эмали"
849:"b2b-маркетинг; бизнес-услуги; СМИ"
850:"автохимия; смазочные материалы"
851:"загородная недвижимость; коттеджный поселок; дома"
852:"Рекламные услуги; маркетинг; контекстная реклама"
853:"загородная недвижимость; коттеджные поселки"
854:"мессенджеры; приложения для звонков; софт"
855:"курьерская доставка"
856:"Маркетинг; Реклама; Бизнес-услуги"
857:"Недвижимость; Жилые комплексы"
858:"наушники; электроника"
859:"Недвижимость; Новостройки"
860:"Автомобили; Кроссоверы"
861:"Электронные книги; Любовные романы"
862:"мобильная связь; связь"
863:"электроника; мобильные телефоны"
864:"барбершоп; франшиза"
865:"столешницы; изделия из искусственного камня; интерьер"
866:"террасная доска; стройматериалы; товары для дачи"
867:"строительные материалы; сэндвич-панели"
868:"проектирование интерьеров; офисные услуги"
869:"монтаж кондиционеров; вентиляция; климатические услуги"
870:"загородная недвижимость; коттеджные поселки"
871:"недвижимость; элитное жилье; пентхаусы"
872:"офисная недвижимость; инвестиции"
873:"офисная недвижимость; коммерческая недвижимость; бизнес-услуги; инвестиции"
874:"связь; кино; реклама"
875:"Корм для животных; Корм для кошек; Корм для собак"
876:"пищевые продукты; молочные продукты; белковые напитки"
877:"банковские услуги; финансовые услуги"
878:"жилые комплексы; недвижимость; квартиры"
879:"Медиа; Новости; Аналитика"
880:"реклама, маркетинг; кино; трафик"
881:"Рестораны; Банкетные услуги"
882:"Медиа; Подписки; Клубы лояльности"
883:"краски; лакокрасочные материалы; строительные и ремонтные материалы"
884:"недвижимость; квартиры; жилые комплексы"
885:"остекление фасадов; структурное остекление; фасадные системы"
886:"недвижимость; квартиры; аренда и продажа жилья"
887:"Рекламное оборудование; Информационные стенды"
888:"онлайн-кинотеатр"
889:"клининговые услуги ; услуги уборки"
890:"Зеркала; интерьерные аксессуары"
891:"Образование; онлайн-обучение; дистанционное обучение"
892:"финансовые услуги; банковские услуги"
893:"фитнес; спортзал"
894:"Контроллеры доступа; Охранное оборудование"
895:"производство упаковки; дизайн упаковки"
896:"посудомоечные машины; бытовая техника; техника для кухни"
897:"мебель; офисная мебель"
898:"аптеки; лекарства"
899:"продукты питания; сервисы о еде"
900:"автозапчасти; турбины; ГАЗ"
901:"лекарства; противопростудные препараты"
902:"гаражи; навесы; строительство"
903:"образование ; курсы дизайна"
904:"массажные кресла; умная техника"
905:"IT-аутсорсинг; IT-услуги; IT-консалтинг"
906:"купальники; одежда"
907:"услуги садовников; уход за растениями; ландшафтный дизайн"
908:"перетяжка мебели; ремонт мебели"
909:"аренда студии для съемки подкастов; фотостудия; видеостудия; аренда помещений"
910:"контактный зоопарк; эко-парк; ферма"
911:"ночной клуб; развлечения"
912:"элитная недвижимость; жилой комплекс"
913:"мебель; кровати"
914:"молочная продукция; рецепты"
915:"мобильная связь; телефоны"
916:"межкомнатные перегородки; алюминиевые перегородки; стеклянные перегородки"
917:"лекарственные препараты; противопростудные средства; детские лекарства"
918:"интернет-сервисы; погода"
919:"Детская мебель; Кровати; Мебель для дома"
920:"спектрометры; аналитическое оборудование; оборудование для металлов"
921:"планшеты; электроника; оптовая торговля гаджетами"
922:"обувь; кроссовки"
923:"офисные товары; мода"
924:"женское белье; стринги"
925:"солнцезащитные средства; косметика"
926:"полотенцесушители; электроника"
927:"MMORPG; видеоигра"
928:"лекарства против желудочно-кишечного тракта"
929:"недвижимость; земельные участки; коттеджные поселки"
930:"электротехническая продукция; электротовары; интернет-магазин; инженерные системы; сантехника; кабели и провода; освещение"
931:"стрелковый клуб; обучение стрельбе; развлекательные услуги"
932:"Доставка пиццы; Доставка суши"
933:"обувь; мужская обувь; ботинки"
934:"мебель; диваны"
935:"онлайн-кинотеатр; кино"
936:"загородная недвижимость; коттеджные поселки"
937:"аренда дачи; аренда жилья"
938:"ночной клуб; развлечения; бар"
939:"Автомобили; Кроссоверы"
940:"жилое строительство; девелопмент; недвижимость"
941:"недвижимость; квартиры"
942:"недвижимость; квартиры; строительство"
943:"пустотные плиты; строительные материалы"
944:"отделка фасада; декор фасада; строительство"
945:"Строительные материалы и конструкции; Ремонт и отделка помещений"
946:"кровати; мебель для спальни; двуспальные кровати apteka-april.ru_17558005361.jpgidealbeds"
947:"аренда помещений; складские услуги; услуги хранения"
948:"3D-печать; 3D-моделирование; прототипирование"
949:"Медицинские препараты; БАДы; Женское здоровье"
950:"промышленное оборудование; КИП"
951:"образование ; бизнес-образование ; управление"
952:"таблички с QR-кодом; офисные таблички; наклейки"
953:"туристические указатели; информационные знаки; услуги по изготовлению вывесок"
954:"витамины; иммунитет"
955:"Строительные материалы; Гидроизоляция; Сельское хозяйство"
956:"бизнес-центры; коммерческая недвижимость"
957:"корпоративные поездки; сервисы для бизнеса; бронирование отелей"
958:"Фитнес; Персональные тренировки; Спорт"
959:"анализаторы; промышленное оборудование; металлоанализаторы"
960:"Банковские услуги; B2B"
961:"противовирусные препараты; лекарства; грипп и ОРВИ"
962:"строительство домов из бруса; дома из дерева; деревянное домостроение"
963:"таблички на ножке; указатели; напольные таблички"
964:"туристические указатели; рекламные конструкции"
965:"Строительные материалы; Геотекстиль; Гидроизоляция"
966:"складская техника; погрузочная техника"
967:"типография; печать"
968:"лотереи; азартные игры"
969:"геотекстиль; строительные материалы; гидроизоляция"
970:"садовая техника; аккумуляторная техника"
971:"3D печать на заказ"
972:"банковские услуги; корпоративный бизнес; финансовые услуги"
973:"загородная недвижимость; коттеджные поселки; земельные участки"
974:"лекарства; имуностимуляторы; здоровье детей"
975:"дизайнерские полы; напольные покрытия; кварц-виниловые полы; SPC-полы"
976:"садовая техника; электроинструменты"
977:"строительная химия; клеи; герметики; пена"
978:"оборудование для пищевой промышленности; упаковочное оборудование"
979:"металлоконструкции; стройматериалы"
980:"гидроизоляция; кровельные материалы"
981:"Крепеж; Строительные материалы"
982:"Кожаные сумки; Ручная работа; Аксессуары"
983:"геотекстиль; стройматериалы"
984:"Бытовая техника; стиральные машины"
985:"выставочные стенды; производство; услуги"
986:"бизнес-образование; образование"
987:"испытания электрооборудования; услуги"
988:"банковские услуги;финансовые услуги"
989:"мастер-классы; воздушные змеи"
990:"экскурсии; зооферма; досуг"
991:"противовирусный препарат; лекарственное средство; иммуномодулятор"
992:"зеркала и оборудование для спортивных залов; спортивное оборудование; интерьер и отделочные материалы"
993:"Сенсорное развитие детей; нейропсихология; коррекция"
994:"мебель; стеллажи; интерьер"
995:"мебель; стеллажи; интерьер"
996:"санаторно-курортные услуги; оздоровительные процедуры; отель"
997:"автошкола; курсы вождения; получение водительских прав"
998:"недвижимость; ЖК; квартиры"
999:"Грузовые автомобили; Производство автомобилей; Транспорт"
1000:"3D-пластик; 3D-печать"
1001:"СМИ; онлайн медиа; новости"
1002:"системы кондиционирования; климатическое оборудование; услуги монтажа"
1003:"Земельные участки; Недвижимость"
1004:"бизнес-обучение; образование; тренинги"
1005:"Наплавляемая кровля; кровельные работы; строительные услуги"
1006:"косметика; уход за кожей; товары для красоты"
1007:"загородная недвижимость;девелопмент;комфорт"
1008:"кино; семейное кино; комедия"
1009:"садовая техника; газонокосилки"
1010:"Кровати; Мебель для дома"
1011:"доставка продуктов; продукты питания; десерты"
1012:"снегоболотоход; внедорожники; спецтехника"
1013:"товары для дома; выставка; хозяйственные товары"
1014:"садовая техника; техника на аккумуляторах"
1015:"испытательные услуги; строительные услуги"
1016:"Электровелосипеды; велосипеды; электро-товары"
1017:"строительство; ремонт; пристройки"
1018:"архитектурная визуализация; интерьерная визуализация; 3D видео; панорамная визуализация; AI генерация изображений"
1019:"товары для школы;канцелярия"
1020:"контактный зоопарк; развлекательные услуги; семейный отдых"
1021:"уличные экраны; электронные табло"
1022:"дома с участками; недвижимость; строительство"
1023:"онлайн-сервисы; погода"
1024:"связь; мобильные услуги"
1025:"строительство; пристройки; веранды; террасы"
1026:"лабораторные испытания бетона; строительные услуги"
1027:"стоматология; протезирование зубов"
1028:"загородная недвижимость; архитектура; сервис"
1029:"ремонт коммерческих помещений; услуги"
1030:"перголы; маркизы; террасы"
1031:"недвижимость; жилой комплекс"
1032:"Недвижимость; квартиры; новостройки"
1033:"электроника; бытовая техника"
1034:"еда; доставка; рестораны"
1035:"брачное агентство; знакомства"
1036:"Дизайн интерьера; Услуги"
1037:"квартиры; недвижимость"
1038:"автомобили ; автосалоны"
1039:"лекарственные препараты; средства от кашля"
1040:"аптека; лекарства от простуды и гриппа; фармацевтика"
1041:"жилая недвижимость; девелоперские услуги; архитектура и дизайн; комфорт"
1042:"антикафе с экзотариумом; террариумные животные; образовательные услуги; мероприятия для детей и взрослых"
1043:"Кран-балки; Промышленное оборудование"
1044:"финансы; СМИ; технологии"
1045:"автоматизация для бизнеса ; онлайн-сервисы"
1046:"жилая недвижимость; элитные квартиры; жилой комплекс"
1047:"Кадастровые услуги; Технические документы; Строительно-земельные услуги"
1048:"строительство домов; девелопмент"
1049:"3D визуализация; архитектурные услуги; коммерческие сервисы недвижимости"
1050:"брендинг; рекламные услуги; бизнес-услуги"
1051:"мебель; офисная мебель; товары для учебы и работы"
1052:"коммерческая недвижимость"
1053:"модельный кастинг; обучение моделингу; услуги"
1054:"курсы вокала; образование; детские секции"
1055:"Технологии; Искусственный интеллект; Образование/Обучение"
1056:"Реклама в интернете; Онлайн-маркетинг; Цифровые услуги"
1057:"Weather service; Portal"
1058:"брендинг; маркетинг; бизнес-услуги"
1059:"стоматологическое оборудование"
1060:"ландшафтный дизайн; озеленение; бизнес; экология"
1061:"имплантация зубов; протезирование зубов; стоматологические услуги"
1062:"мини-ПК; компьютеры"
1063:"Видеонаблюдение; Безопасность; Охранные системы"
1064:"онлайн-реклама; рекламные услуги"
1065:"Виндеры; внешняя реклама; рекламные материалы"
1066:"Эмали для бетона; краски для пола"
1067:"Медиа; Информационные услуги"
1068:"виндеры; рекламные флаги; POSm"
1069:"строительное оборудование;подъемники"
1070:"жилая недвижимость; девелопмент"
1071:"металлическая мебель; стеллажи; складские стеллажи"
1072:"Проектирование недвижимости; Кадастровые услуги; Регистрация недвижимости"
1073:"стоматология; протезирование"
1074:"поверка счетчиков воды; жилищно-коммунальные услуги"
1075:"автомобили"
1076:"Лазерная резка металла; обработка металла"
1077:"кибербезопасность; защита веб-сайтов"
1078:"недвижимость; жилые комплексы; квартиры"
1079:"автомобили;услуги"
1080:"недвижимость; участки земли; коттеджные поселки"
1081:"одежда; деловая мода; универмаг"
1082:"коммерческая недвижимость ; жилые комплексы"
1083:"стоматология; протезирование зубов"
1084:"лечение выпадения волос; трихология"
1085:"автохимия; автотовары"
1086:"жилой комплекс; недвижимость; квартиры"
1087:"пристройки; террасы; веранды; строительство домов"
1088:"Дизайн интерьера"
1089:"промышленное оборудование; отопление; сельскохозяйственная техника"
1090:"лекарственные препараты; иммуномодуляторы"
1091:"промышленная недвижимость;логистика;инвестиции"
1092:"фильмы; кинотеатр; триллер; драма"
1093:"стоматология; имплантация зубов; медицинские услуги"
1094:"инвестиционные услуги; фонды"
1095:"металлообработка; производство комплектующих; изготовление корпусов; услуги для промышленности"
1096:"3D-моделирование; архитектурные услуги; IT-услуги"
1097:"проектирование и строительство чистых помещений; строительство под ключ; специализированные услуги для медицины"
1098:"Финансовые сервисы; сервис массовых выплат"
1099:"Бизнес-центр; Аренда помещений"
1100:"Фулфилмент; складские услуги"
1101:"игры; ролевые онлайн"
1102:"строительство; аренда строительного оборудования"
1103:"майонез; соусы"
1104:"полотенцесушители; техника"
1105:"мебель; скамья"
1106:"антикоррозионные покрытия; лакокрасочные материалы; строительные материалы"
1107:"Недвижимость; Загородная недвижимость; Премиальные квартиры"
1108:"зерносушилки; сельхозтехника; оборудование завода"
1109:"рабочая одежда; специальная одежда; комбинезоны"
1110:"лотереи; азартные игры"
1111:"строительные материалы; напольные покрытия"
1112:"стоматологические услуги; ЛОР-услуги; диагностика; имплантация; протезирование; ортодонтия"
1113:"Земельные участки; Коттеджные поселки; Недвижимость; Загородная недвижимость"
1114:"стоматологические услуги; виниры"
1115:"опросы;маркетинговые исследования"
1116:"строительные материалы; отделка стен"
1117:"мастер-классы для детей; анимация; организация праздников"
1118:"строительство домов; ремонт; коммуникации"
1119:"аптечные товары; лекарства; медицинские товары"
1120:"дома из дерева; строительство"
1121:"газоны; озеленение; ландшафтные услуги"
1122:"передвижные рампы; складское оборудование; погрузочная техника"
1123:"лотереи; азартные игры"
1124:"Кровати; Матрасы"
1125:"недвижимость; загородная жизнь"
1126:"банковские услуги; искусственный интеллект; автоматизация бизнес-процессов"
1127:"цифровые сервисы; IT"
1128:"строительство модульных павильонов; торговые конструкции"
1129:"гидравлические тележки; складская техника; техника для склада"
1130:"матрасы; товары для сна"
1131:"Эко-комплекс; Виллы; Отдых и туризм"
1132:"фасадное остекление; спайдерное остекление"
1133:"интерактивные развлечения; аттракционы; аренда оборудования для мероприятий"
1134:"недвижимость; загородная недвижимость; земельные участки"
1135:"грузоподъемное оборудование; козловые краны; мобильные краны"
1136:"загородная недвижимость;коттеджные поселки;земельные участки"
1137:"бизнес-центр; недвижимость"
1138:"рулонный газон; благоустройство; ландшафтные услуги"
1139:"загородная недвижимость; участки; коттеджные поселки"
1140:"системы контроля доступа; оборудование для СКУД"
1141:"системы контроля доступа; оборудование"
1142:"жилые комплексы; недвижимость"
1143:"здоровье; красота; лекарства"
1144:"Строительство домов; Недвижимость"
1145:"арматура трубопроводная; промышленное оборудование"
1146:"здоровье; лекарства; красота"
1147:"финансы; технологии; банки"
1148:"Бани; Строительство"
1149:"массаж; услуги красоты"
1150:"здоровье; лекарства; блог"
1151:"видеоигры; MMORPG"
1152:"медицина;онкология;онкоцентр"
1153:"Электроника"
1154:"баня; гастрономические услуги"
1155:"козловые краны; грузоподъемное промышленное оборудование; подъёмные механизмы"
1156:"Корм для животных; Зоотовары"
1157:"разрешение на строительство; юридические услуги"
1158:"технологические события; мастер-классы; арт-инсталляции; научно-образовательные мероприятия"
1159:"эко-отель; гостиница"
1160:"Эко-курорт; гостиницы"
1161:"разрешительная документация; услуги по получению разрешения на строительство; юридические услуги"
1162:"дома; строительство"
1163:"театр; спектакли; развлечения"
1164:"разрешения на строительство; юридические услуги в строительстве"
1165:"интернет-маркетинг; контекстная реклама; продвижение в интернете"
1166:"Недвижимость;Дома"
1167:"спецтехника; мини-погрузчики; строительная техника"
1168:"коттеджи; дуплексы"
1169:"недвижимость; коттеджные поселки; земля"
1170:"ледовое шоу; развлекательное шоу"
1171:"недвижимость"
1172:"метизы; шайбы"
1173:"земельные участки; недвижимость; коттеджный поселок"
1174:"Загородная недвижимость; Земельные участки; Коттеджные поселки"
1175:"здоровье; лекарства; красота"
1176:"дрожжи; пищевые продукты"
1177:"дизельное топливо; топливные продукты; нефтепродукты"
1178:"мероприятия;развлечения"
1179:"земельные участки; недвижимость; дача"
1180:"недвижимость; земельные участки"
1181:"СМИ; Информационные услуги"
1182:"аренда помещений; лофты для мероприятий; организация мероприятий"
1183:"земельные участки; коттеджные поселки; загородная недвижимость"
1184:"снос зданий; демонтажные работы; услуги спецтехники"
1185:"конференция; блокчейн; криптовалюта; web3; финтех"
1186:"Ремонт кровли; Ремонт дачных домов"
1187:"Видеоигры; MMO RPG; Пиратская стратегия"
1188:"холодильники French Door"
1189:"облицовочный кирпич; строительные материалы; фасадные товары"
1190:"недвижимость; загородная недвижимость; коттеджные поселки"
1191:"загородная недвижимость; участки; коттеджные поселки"
1192:"земельные участки; коттеджные поселки; загородная недвижимость"
1193:"Элитная недвижимость; квартиры"
1194:"цифровизация бизнеса; IT-проекты"
1195:"Автомобили; Внедорожники"
1196:"пластическая хирургия; программа поддержки материнства"
1197:"жилые комплексы; недвижимость"
1198:"загородная недвижимость; коттеджный поселок; элитные резиденции"
1199:"легковые автомобили; мотоциклы"
1200:"бизнес-форум; e-commerce; услуги для бизнеса"
1201:"ювелирные украшения; кольца"
1202:"колледж; образование"
1203:"банковские карты; финансы"
1204:"ботинки; обувь"
1205:"автомобили; кредиты"
1206:"Оборудование для полиграфии; Клеемазательные машины; Оборудование для переплета"
1207:"детская одежда; комбинезоны; товары для детей"
1208:"банковские услуги; карты; кэшбэк"
1209:"бухгалтерские услуги; аутсорсинг бухгалтерии"
1210:"офисная недвижимость; аренда"
1211:"кухни; мебель для дома"
1212:"стройматериалы; фасад; сайдинг"
1213:"печатные платы; электронные компоненты; электроника"
1214:"лазерный труборез; оборудование для металлообработки; промышленные станки"
1215:"жаротрубные водогрейные котлы; отопительное оборудование"
1216:"ремонт квартир; услуги по ремонту"
1217:"кондиционеры; климатическая техника; бытовая техника"
1218:"беспроводные наушники; электроника"
1219:"Светильники; Освещение"
1220:"онлайн-образование; курсы; обучение"
1221:"разрешение на строительство; строительство"
1222:"стоматология; имплантация"
1223:"наушники; электроника; аудиотехника"
1224:"загородная недвижимость; коттеджные поселки; отдых и жилье"
1225:"пожарная сигнализация; системы пожаротушения; инженерные услуги"
1226:"печатные платы; электронные компоненты; комплектующие для электроники"
1227:"выставочные стенды; выставочные услуги"
1228:"ремонт квартир; строительные работы"
1229:"Музей; Детские экскурсии; Образовательные услуги"
1230:"склады; офисы; коммерческая аренда"
1231:"металлообработка; услуги по металлообработке"
1232:"складские услуги; логистика; фулфилмент"
1233:"Аудиторские услуги; Бухгалтерские услуги; Юридические услуги"
1234:"офисная мебель; столы"
1235:"жилой комплекс; недвижимость"
1236:"сервис грузовых автомобилей; ремонт; диагностика"
1237:"медицинский перевод; переводы"
1238:"стоматологические импланты; услуги имплантации"
1239:"офисная недвижимость; девелопмент"
1240:"упаковочное оборудование; промышленная техника; логистика"
1241:"строительные материалы; кровля"
1242:"коммерческая техника; инвестиции"
1243:"дома из бруса; строительство"
1244:"строительство домов; недвижимость"
1245:"пластическая хирургия; эстетическая медицина"
1246:"Дома; Бани; Строительство"
1247:"мероприятия; концерты"
1248:"Коттеджи; загородная недвижимость; участки"
1249:"театр; театральные проекты; искусство"
1250:"электрические камины; отопление; интерьер"
1251:"маркетинг; бизнес-услуги"
1252:"стоматологические услуги; установка брекетов"
1253:"дома из клееного бруса; строительство домов; деревянные дома"
1254:"Строительство домов; СИП панели"
1255:"металлоизделия; производство металлоизделий"
1256:"здоровье; красота; лекарства"
1257:"кондитерские изделия; мармелад"
1258:"бассейны; строительство"
1259:"видеорегистраторы; радар-детекторы; комбо-устройства"
1260:"беседки и террасы; остекление"
1261:"Видеорегистратор; радар-детектор; комбо-устройство"
1262:"бассейны; оборудование"
1263:"инновации; технологии; бизнес"
1264:"станки; промышленное оборудование; металлообработка"
1265:"барбекю-комплексы; зоны отдыха под ключ; беседки"
1266:"аграрный сектор; семена; отечественные сорта; продовольствие"
1267:"реклама; цифровые услуги"
1268:"мужская одежда; костюмы; классическая одежда"
1269:"здоровье; красота; лекарства"
1270:"Строительство домов; Недвижимость; Каркасные дома"
1271:"парк-отель; организация мероприятий; отдых"
1272:"офисы; бизнес-центры; коммерческая недвижимость"
1273:"Строительство домов; каркасные дома"
1274:"пансионаты для пожилых; социальные услуги"
1275:"стартапы; инновации"
1276:"ювелирные изделия; украшения"
1277:"загородная недвижимость;дома;коттеджи;участки"
1278:"ветеринарная клиника; зоотовары; ветеринарная аптека"
1279:"матрасы; мебель; товары для дома; недвижимость"
1280:"выставка искусства; культура"
1281:"услуги здравоохранения; профилактика заболеваний; медицинские услуги"
1282:"стоматология; имплантация зубов"
1283:"офисная недвижимость; девелопмент; коммерческая недвижимость"
1284:"перетяжка мягкой мебели; реставрация мебели; ремонт мебели"
1285:"стоматология; протезирование"
1286:"финансовые услуги; обмен валюты; банковские услуги"
1287:"упаковка; картонные коробки; логистика"
1288:"Картонные коробки; упаковка; тара"
1289:"жилые комплексы; недвижимость; квартиры"
1290:"Лекарственные препараты; средства от варикоза"
1291:"загородная недвижимость;коттеджный поселок"
1292:"строительство домов; недвижимость; архитектурные услуги"
1293:"Предупреждающие таблички"
1294:"лотерея; азартные игры"
1295:"Недвижимость; квартиры"
1296:"дома; строительство"
1297:"электростанции; генераторы"
1298:"наушники; техника"
1299:"земельные участки; недвижимость; коттеджные поселки"
1300:"автотовары; автомобильные коврики"
1301:"икра; деликатесы"
1302:"Земельные участки; Коттеджный поселок; Недвижимость"
1303:"выставка; развлечения"
1304:"мясные продукты; тушенка"
1305:"проектирование офисных интерьеров; дизайн интерьеров; B2B услуги"
1306:"установка кондиционеров и вентиляции; климатическое оборудование; услуги по монтажу систем"
1307:"промышленные дизельные генераторы; дизельные генераторы; энергогенерирующее оборудование"
1308:"недвижимость"
1309:"ноутбуки ; компьютеры"
1310:"стрелковый клуб; тир; обучение стрельбе; досуг"
1311:"финансы; банки"
1312:"Рулонный газон; Услуги по укладке газона; Благоустройство участка; Автополив"
1313:"биологически активные добавки; коллаген; нутрицевтики"
1314:"Финансовые услуги; Банковские вклады; Инвестиционные продукты"
1315:"мобильная связь; телекоммуникации; интернет-услуги"
1316:"Банковские услуги; Финансовые услуги; Бизнес-услуги"
1317:"стоматологические услуги; медицинские услуги"
1318:"Зеркала; Интерьерные товары; Мебель и аксессуары для дома"
1319:"готовая еда; доставка еды; здоровое питание"
1320:"Солнцезащитные очки; Очки; Аксессуары для зрения"
1321:"жалюзи; рулонные шторы"
1322:"смартфоны; мобильные устройства"
1323:"минитрактор; сельхозтехника; мототехника"
1324:"Автомобили; Автомобильные услуги"
1325:"мебель для ванной; элитная мебель; мебель на заказ"
1326:"косметика; парфюмерия; товары для красоты"
1327:"промышленное оборудование; отопительное оборудование; теплообменники"
1328:"Фильмы; Кино; Спортивные фильмы"
1329:"модульные туалеты; строительные услуги"
1330:"стеновые панели ; огнестойкие панели ; строительные материалы"
1331:"недвижимость; жилье"
1332:"Земельные участки; Недвижимость; Коттеджные поселки"
1333:"средства от вредителей; услуги по дезинсекции"
1334:"продукты питания; выпечка; снековые продукты"
1335:"модульные здания; строительные конструкции"
1336:"недвижимость; коттеджные поселки; земля"
1337:"краски для бетона; строительные материалы"
1338:"Перманентный макияж; Косметология; Услуги красоты"
1339:"краска для металла; антикоррозийные материалы; лакокрасочные материалы"
1340:"ремонт и отделка салонов красоты; строительные услуги"
1341:"онлайн-сервис объявлений"
1342:"услуги по оформлению документов; строительство; юридические услуги"
1343:"офисная мебель; офисные столы"
1344:"автомобили; автосалон"
1345:"строительное оборудование; люльки"
1346:"спа-отель; эко-курорт; отдых за городом"
1347:"Биологически активные добавки; товары для похудения"
1348:"нижнее белье; женская одежда"
1349:"автомобили ; внедорожники ; гибридные автомобили"
1350:"фитнес-клуб;спорт;услуги здоровья"
1351:"загородная недвижимость; коттеджный поселок"
1352:"Легковые автомобили"
1353:"мобильная связь; интернет"
1354:"автомобили; услуги"
1355:"отопительные печи; варочные печи; камины"
1356:"социальные проекты; строительство"
1357:"телефония для бизнеса; облачные сервисы"
1358:"телекоммуникации; бизнес-услуги"
1359:"мебель; товары для дома"
1360:"мебель для дачи; садовая мебель"
1361:"автомобили; автосервис"
1362:"корпоративные сервисы; HR-технологии"
1363:"автомобили"
1364:"недвижимость; новостройки"
1365:"продажа автомобилей"
1366:"антигистаминные средства; противоаллергические средства; противозудные препараты; аптечные мази и гели"
1367:"недвижимость; премиальные дома"
1368:"связь ; мобильная связь ; услуги для мигрантов"
1369:"доставка продуктов питания; азиатские десерты; еда"
1370:"Компьютерные услуги; Windows"
1371:"электроинструменты;граверы"
1372:"купальники; женская одежда; пляжные товары"
1373:"ресторан; дегустация"
1374:"мебель для детских комнат"
1375:"недвижимость; жилой комплекс"
1376:"туристические услуги"
1377:"Офисы; Коммерческая недвижимость"
1378:"ночной клуб; организация праздников; услуги для вечеринок"
1379:"ресторан; мероприятия"
1380:"офисная недвижимость; бизнес-центр"
1381:"Реставрация; Строительство; Ремонт лепнины"
1382:"краски и покрытия; для металла"
1383:"строительное оборудование; подъемная техника"
1384:"мероприятие; музыкальный фестиваль; концерты"
1385:"Грузоподъемное оборудование; подъемники; промышленное оборудование"
1386:"девелопмент; управление недвижимость"
1387:"Жилой комплекс; Недвижимость"
1388:"Финансы; Новости; Инвестиции"
1389:"Автомобили; автосалоны"
1390:"недвижимость; строительные услуги"
1391:"складская техника; подъемное оборудование; ричтрак"
1392:"утеплители; изоляционные материалы; строительные материалы"
1393:"пробковые доски; офисные товары; интерьерные решения"
1394:"жилой комплекс;недвижимость"
1395:"3D-печать; запчасти для водоочистки и канализации; детали для насосов и фильтров"
1396:"финансы; личные финансы; советы пенсионерам"
1397:"строительство домов; срубы"
1398:"городские мероприятия; технологии; урбанистика; искусственный интеллект"
1399:"городские мероприятия; технологии; образование; искусство"
1400:"музыка; концерты; мероприятия"
1401:"геотекстиль; строительные материалы; изоляция"
1402:"земельные участки; недвижимость"
1403:"автомобили; гибридные кроссоверы; транспорт"
1404:"геотекстиль; строительные материалы; изоляционные материалы"
1405:"ширмы для офиса; офисные перегородки; складные ширмы; интерьерные решения; товары для организации пространства"
1406:"печать этикеток; полиграфия"
1407:"выставочное оборудование; рекламные материалы"
1408:"образование; бизнес-образование; курсы и программы повышения квалификации"
1409:"инвестиции;финансовые услуги"
1410:"земельные участки; недвижимость"
1411:"садовая техника; техника для сада"
1412:"недвижимость; земельные участки; коттеджные поселки"
1413:"СМИ; искусственный интеллект; бизнес"
1414:"земельные участки; коттеджные поселки; недвижимость"
1415:"недвижимость; жилой комплекс; элитная недвижимость"
1416:"измерительное 3D-оборудование; 3D-сканеры; 3D-контроль геометрии; услуги 3D-измерений"
1417:"финансы; СМИ; технологии"
1418:"недвижимость; новостройки"
1419:"краска для металла; антикоррозионная защита"
1420:"геотекстиль; строительные материалы; гидроизоляция"
1421:"таблички; знаки; рекламные услуги"
1422:"Таблички на ножке; Указатели; Переносные таблички"
1423:"услуги интернет-маркетинга для строительной отрасли; создание и продвижение сайтов"
1424:"земельные участки; недвижимость; коттеджные поселки"
1425:"Автомобили; грузовая техника; промышленность"
1426:"аренда лофта; аренда банкетной площадки; организация мероприятий"
1427:"лазерная резка труб и профилей; услуги по металлообработке"
1428:"рабочая одежда; средства индивидуальной защиты; костюмы для сварщиков"
1429:"грили-коптильни; уличные кухни"
1430:"Сайдинг; фасадные панели; ремонт домов"
1431:"бизнес-центр; коммерческая недвижимость"
1432:"бухгалтерское обслуживание; налоговые услуги; программное обеспечение для бухгалтерии"
1433:"банковские услуги"
1434:"бьюти-услуги; тестирование"
1435:"пропитки для бетона; защитные покрытия; строительные материалы"
1436:"3D печать; услуги 3D печати; производство изделий из пластика"
1437:"двери, окна, зеркала; строительные и отделочные материалы"
1438:"трафареты; печатная продукция; реклама"
1439:"козловые краны; грузоподъемная техника; строительное оборудование"
1440:"Медиа; Новости; Финансы"
1441:"грузовые автомобили; спецтехника; коммерческий транспорт"
1442:"информационные услуги; прогноз погоды"
1443:"массажные кресла ; здоровый образ жизни"
1444:"Финансовые услуги; Кредиты"
1445:"мебель; диваны"
1446:"котельное оборудование; промышленность"
1447:"антивирусное программное обеспечение; кибербезопасность; услуги по защите данных"
1448:"пожарная сигнализация; пожарная безопасность; системы безопасности; монтаж и обслуживание"
1449:"финансовые услуги; банковские услуги; корпоративный бизнес"
1450:"платформа международных платежей; международные переводы; финансовые услуги"
1451:"Медиа; Новости; Бизнес публикации"
1452:"ландшафтный дизайн; озеленение; бизнес-услуги"
1453:"корм для домашних животных; корм для кошек"
1454:"бизнес; маркетинг; брендинг"
1455:"светодиодные светильники; освещение"
1456:"жилой комплекс; недвижимость"
1457:"продукты питания; десерты; гастрономия"
1458:"СМИ; технологии; ИИ"
1459:"пристройки; террасы; веранды; строительные услуги"
1460:"фитнес-клубы ; спортзалы ; бассейны"
1461:"недвижимость; строительство"
1462:"одежда; корпоративный стиль"
1463:"электровелосипеды"
1464:"автомобили"
1465:"Финансовые услуги; B2B"
1466:"туризм; отдых; гостиницы и курорты"
1467:"туалетная бумага"
1468:"Робот-пылесос; Бытовая техника"
1469:"книги; литература; мифология"
1470:"одежда; деловая мода; унисекс стиль"
1471:"финансовые услуги; банковские услуги"
1472:"digital-реклама; маркетинг"
1473:"3D-пластик;Филамент"
1474:"здоровье; лекарства; красота"
1475:"премиум-квартиры; недвижимость; жилые комплексы"
1476:"недвижимость; новостройки"
1477:"недвижимость; жилье; квартиры; бизнес-класс"
1478:"шкафы на заказ; мебель"
1479:"Выставка; Развлечения; Косплей; Мероприятия"
1480:"хладагенты; холодильное оборудование; промышленные газы"
1481:"автомобили; продажа авто"
1482:"стоматология; здоровье; медицинские услуги"
1483:"СМИ; новости; технологии; искусственный интеллект"
1484:"антикафе; экзотариум"
1485:"Газовые котлы; Отопление"
1486:"Витамины"
1487:"коттеджные поселки; недвижимость; земельные участки"
1488:"кадастровые услуги; снос зданий"
1489:"3D визуализация; архитектурная визуализация; интерьерная визуализация; 3D-анимация; постобработка"
1490:"Системы видеонаблюдения; Безопасность; Услуги для бизнеса"
1491:"светильники; освещение"
1492:"строительные материалы; опалубка"
1493:"архитектура; бизнес-услуги"
1494:"Ландшафтный дизайн; Озеленение; Бизнес-услуги"
1495:"Новостройки; Недвижимость"
1496:"туры на космические старты; космический туризм"
1497:"IT-конференция; Professional Events; Developer Relations"
1498:"онлайн игры; мобильные игры; стратегии"
1499:"здоровье; красота; лекарства"
1500:"строительство; ремонт и монтаж кровли; монтаж сайдинга; пристройки"
1501:"сантехника; полипропиленовые трубы; инженерные системы"
1502:"реклама; интернет-сервисы"
1503:"Рекламные конструкции; Полиграфия; Производство"
1504:"концерт; музыкальные события"
1505:"металлические стеллажи; складское оборудование"
1506:"напольные покрытия; строительные и отделочные материалы"
1507:"Поверка счетчиков воды"
1508:"женская одежда plus size; женская одежда"
1509:"промышленные приборы учета;автоматика;контрольно-измерительные приборы"
1510:"хранение вещей; складские услуги; self-storage"
1511:"лотереи; азартные игры; развлечения"
1512:"Строительные и отделочные материалы; Услуги по отделке фасадов"
1513:"строительные материалы; гидроизоляция; дорожное строительство"
1514:"кибербезопасность; ИТ-услуги"
1515:"геотекстиль; строительные материалы; стройматериалы для дренажа и гидроизоляции"
1516:"финтех; платежные сервисы; для бизнеса"
1517:"Облачные сервисы; Онлайн-хранение данных; Пакеты цифровых услуг"
1518:"элитная недвижимость; жилой комплекс; премиальные квартиры"
1519:"Земельные участки; Коттеджные поселки; Недвижимость"
1520:"защита от DDoS; кибербезопасность; IT-услуги"
1521:"зоотовары; корм для животных"
1522:"автосервис; ремонт автомобилей VAG"
1523:"анализ сточных вод; лабораторные услуги; экология"
1524:"одежда;обувь"
1525:"кино; триллер; драма"
1526:"теплоизоляция; изоляционные материалы; стройматериалы"
1527:"сварочные работы; металлообработка; промышленное оборудование"
1528:"офисная недвижимость; инвестиции в недвижимость"
1529:"теплоизоляция; строительные материалы; энергоэффективные решения"
1530:"Вакансии; Ритейл"
1531:"газовые котлы; котельное оборудование"
1532:"недвижимость; жилые комплексы; квартиры"
1533:"земельные участки; коттеджные поселки"
1534:"стоматология; имплантация зубов"
1535:"Недвижимость; Земельные участки"
1536:"токарные работы; металлообработка; услуги для промышленности"
1537:"металлообработка; токарные работы; услуги для бизнеса"
1538:"земельные участки; загородная недвижимость; коттеджные поселки"
1539:"пожарная безопасность; услуги по эвакуации"
1540:"Земельные участки; Коттеджные поселки; Недвижимость"
1541:"Аренда спецтехники; Аренда экскаваторов"
1542:"финтех; банковские услуги"
1543:"земельные участки; загородная недвижимость; коттеджные поселки"
1544:"политика; социальные услуги"
1545:"обучение; логистика; тренинги; складские услуги"
1546:"коттеджные поселки; недвижимость"
1547:"остекление; строительство"
1548:"жилые комплексы; квартиры; недвижимость"
1549:"Картинг; развлечения, спорт"
1550:"Кровати; Матрасы"
1551:"Рулонный газон; Услуги по ландшафтному дизайну; Озеленение"
1552:"земельные участки; коттеджные поселки; загородная недвижимость"
1553:"Премия; Молодежный туризм; Патриотические проекты"
1554:"недвижимость; жилье"
1555:"недвижимость; жилой комплекс; премиум-класс"
1556:"интернет-сервис; браузер"
1557:"радиаторы отопления; отопление"
1558:"жилой комплекс; недвижимость; премиальное жилье"
1559:"загородная недвижимость;коттеджи;земельные участки"
1560:"Корпоративные мероприятия; тимбилдинг; развлечения; кулинарные мастер-классы"
1561:"легковые автомобили; транспортные средства"
1562:"Постельное белье"
1563:"онлайн-обучение; профессиональная переподготовка; финансы; управление; образование"
1564:"фитнес; спорт; бассейны"
1565:"металлорежущий инструмент; фреза по металлу"
1566:"вентиляция; строительство"
1567:"недвижимость; офисы; лаборатории; технопарк"
1568:"зарядные станции для электромобилей; оборудование для зарядки электромобилей; электротранспортные услуги"
1569:"коммерческая недвижимость; бизнес-центры; аренда офисов"
1570:"банковские услуги"
1571:"служба по контракту; вакансии; военная служба"
1572:"недвижимость; загородные дома; земельные участки"
1573:"дизельные генераторы; электростанции; энергетическое оборудование"
1574:"организация свадеб; аренда event-пространств; услуги по проведению мероприятий"
1575:"коттеджные поселки; загородная недвижимость"
1576:"специализированное питание"
1577:"рекламные таблички; указатели"
1578:"насосы; насосное оборудование"
1579:"трейдинг; обучение; финансовые услуги"
1580:"стоматология; зубные имплантаты; медицинские услуги"
1581:"строительные материалы; цемент"
1582:"музыкальные мероприятия; развлекательные услуги"
1583:"вентиляция; климатическое оборудование; охлаждение воздуха; рекуперация тепла и влаги"
1584:"земельные участки;недвижимость"
1585:"аренда паллет; логистика"
1586:"Коттеджный поселок; Недвижимость; Земельные участки"
1587:"недвижимость; курортные и загородные поселки; отдых и туризм"
1588:"загородные дома; недвижимость; коттеджный поселок"
1589:"коттеджный поселок; загородная недвижимость"
1590:"Загородная недвижимость; Коттеджные поселки; Участки"
1591:"спецтехника; франшиза"
1592:"Выставочные стенды; Фармацевтика"
1593:"Мебель для руководителя; Офисная мебель; Предметы интерьера"
1594:"Автомобили; Кредитование автомобилей; Лизинг"
1595:"йога-ретриты; глэмпинг; туризм"
1596:"международные переводы; финансы; банковские услуги"
1597:"жилая недвижимость; новостройки; девелопмент"
1598:"Недвижимость; Образование"
1599:"кухни; мебель для кухни"
1600:"готовая еда; доставка готовой еды"
1601:"рулонный газон; озеленение участка"
1602:"отдых;туризм;курорты"
1603:"Автомобили; Транспорт"
1604:"финансовые услуги; вклады; банковские услуги"
1605:"приют животных ; кошки ; котята"
1606:"Жилые комплексы; Недвижимость; Квартиры"
1607:"концерты; развлечения"
1608:"сумки; аксессуары"
1609:"офисная мебель; мебель для офиса; офисные кресла"
1610:"недвижимость; коттеджные посёлки; элитное жильё; загородная недвижимость"
1611:"Загородная недвижимость; Коттеджные поселки; Земельные участки"
1612:"загородная недвижимость;коттеджные поселки;земельные участки"
1613:"краска по металлу; антикоррозионная защита; грунт-эмаль"
1614:"здоровье; красота; лекарства"
1615:"конференц-зал; аренда залов"
1616:"здоровье; похудение; диетология"
1617:"солнцезащитные очки"
1618:"загородная недвижимость; земля"
1619:"здоровье; красота; лекарства"
1620:"платежная платформа; финансовые услуги; бизнес-форум"
1621:"коттеджные поселки; недвижимость; загородное жилье"
1622:"организация мероприятий; концертная деятельность; образование; мастер-классы"
1623:"Концерты; Музыкальные мероприятия; Развлечения"
1624:"автомобили; гибридные автомобили"
1625:"диагностика здоровья; медицинские услуги; здоровье и красота"
1626:"иммиграция; гражданство; консультации"
1627:"Гидроизоляционные материалы; Строительные материалы"
1628:"жилой комплекс; архитектурный проект"
1629:"водоснабжение; скважины; инженерные системы"
1630:"вентиляция; вентиляционное оборудование"
1631:"автомобили; транспортные средства"
1632:"строительство пристроек; террасы; веранды"
1633:"тракторы"
1634:"Ремонт квартир; Строительство"
1635:"масла для фасада; краски; строительные материалы"
1636:"фасадные материалы; строительные материалы"
1637:"краска по металлу; лакокрасочные материалы"
1638:"мебель; услуги по ремонту мебели"
1639:"утепление балконов и лоджий; ремонт окон; остекление балконов и лоджий"
1640:"ремонт квартир; услуги ремонта"
1641:"стоматология; медицинские услуги"
1642:"Приложения для звонков; Мессенджеры"
1643:"молочные продукты; сладости"
1644:"образовательная выставка; мероприятия; профориентация; услуги для абитуриентов"
1645:"Аренда спецтехники; Строительная техника"
1646:"ортодонтия; стоматология; лечение прикуса"
1647:"загородная недвижимость; коттеджные поселки; жилые дома и участки"
1648:"эмаль для полов; строительные материалы"
1649:"облачные сервисы; бухгалтерия; онлайн-сервисы"
1650:"Образование;Технологические услуги;EdTech"
1651:"строительство домов из бруса; деревянное домостроение; строительство загородных домов"
1652:"Ремонт и реставрация изделий из кожи"
1653:"кровельные материалы"
1654:"банковские карты; финансы; lifestyle"
1655:"ювелирные изделия; свадебные товары"
1656:"бизнес-образование; тренажёры для обучения продажам"
1657:"корпоративные подарки; мерч"
1658:"финансовые услуги; онлайн-сервисы; платежные системы"
1659:"аптеки; лекарства; медицинские товары; блоги о здоровье"
1660:"ресторан; мероприятия"
1661:"блог о здоровье; медицина"
1662:"интернет; телекоммуникации"
1663:"строительные материалы; панели; отделочные материалы"
1664:"конференц-залы; аренда"
1665:"аренда фотостудии; фотосъемка; видеосъемка"
1666:"складские стеллажи; мезонины"
1667:"здоровье; красота; лекарства"
1668:"загородная недвижимость; загородный отдых"
1669:"навесы для автомобилей; услуги по изготовлению и монтажу навесов"
1670:"коммерческая техника; инвестиции"
1671:"электроника; аксессуары"
1672:"Банк; Финансовые услуги"
1673:"дачные дома; каркасные дома"
1674:"Строительство домов; Деревянные дома; Одноэтажные дома"
1675:"обувь; мужская обувь"
1676:"жилая недвижимость; элитная недвижимость; пентхаусы"
1677:"недвижимость; коттеджные поселки; загородные дома"
1678:"наушники; электроника"
1679:"банковские карты; финансы; мода"
1680:"диагностика организма; медицинские услуги"
1681:"игрушки; развитие детей; дошкольное образование"
1682:"строительство домов; проектирование домов; СИП"
1683:"Веб-браузер; Поисковая система; Программное обеспечение"
1684:"загородная недвижимость;коттеджные поселки;земельные участки"
1685:"автошины; автотовары"
1686:"Многофункциональные станции; Силовые тренажёры; Тренажёры для дома"
1687:"стеклянные полы; строительные материалы"
1688:"загородная недвижимость; продажа домов и участков"
1689:"уличные зонты; садовая мебель"
1690:"спортивные клубы; отдых на природе; корпоративные мероприятия"
1691:"наушники; электроника"
1692:"земельные участки; коттеджи; недвижимость"
1693:"Элитная недвижимость;Жилая недвижимость;Клубные дома"
1694:"браузеры; интернет-инструменты"
1695:"медицинские услуги; реабилитация; пансионаты для пожилых"
1696:"коммерческий транспорт; инвестиции"
1697:"земельные участки; недвижимость; коттеджные поселки"
1698:"медицинские услуги; здоровье и диагностика; питание"
1699:"солнцезащитные очки"
1700:"пансионаты пожилых людей; услуги проживания"
1701:"элитная недвижимость; жилые комплексы"
1702:"Финансовые услуги; Кредиты; Займы"
1703:"флипчарты; офисные товары; презентационное оборудование"
1704:"диваны; мебель"
1705:"аппаратная косметология; услуги для омоложения лица; косметологический центр"
1706:"черная икра; деликатесы; продукты питания"
1707:"лекарства; аптеки; здоровье"
1708:"Образование; Высшее образование; Онлайн-обучение"
1709:"Загородная недвижимость; Курорты; Жилые комплексы"
1710:"электроника; аудиотехника; наушники"
1711:"конференции; обучение; IT-мероприятия"
1712:"наушники; электроника; аудиотехника"
1713:"видеорегистраторы; радар-детекторы"
1714:"товары для сна; матрасы; мебель для спальни"
1715:"кровати из дерева; мебель"
1716:"Недвижимость; Коттеджные посёлки; Загородное жильё"
1717:"банковские услуги; финансовые услуги"
1718:"Автомобили; Внедорожники"
1719:"Загородная недвижимость; Коттеджи; Земельные участки"
1720:"Загородная недвижимость; Земельные участки"
1721:"адресные таблички; таблички уличные; рекламные таблички"
1722:"септики; строительство; услуги по монтажу систем очистки воды"
1723:"Чистка колодцев; Ремонт колодцев"
1724:"загородная недвижимость; недвижимость"
1725:"Одежда; Обувь"
1726:"Жилая недвижимость; премиальные квартиры; новостройки"
1727:"стоматология; медицинские услуги"
1728:"Производство; Строительство; Декор"
1729:"Загородная недвижимость; Коттеджи; Загородные дома"
1730:"банковские услуги; обмен валюты"
1731:"банковские услуги; платежные карты"
1732:"Строительство; Пристройки; Веранды"
1733:"недвижимость; загородные дома"
