Категория;Подкатегория
Продукты питания;Мясные продукты (мясо, птица, колбасные изделия, мясные деликатесы, покупные паштеты)
Продукты питания;Рыбные продукты (рыба, рыбные деликатесы, сушеные рыбопродукты)
Продукты питания;Молочные продукты (молоко, сливочное масло, маргарин, сыр, творог, питьевые кисломолочные продукты)
Продукты питания;Макаронные изделия, крупы, бобовые
Продукты питания;Продукты быстрого приготовления
Продукты питания;Замороженные продукты
Продукты питания;Майонез, кетчуп, соусы
Продукты питания;Специи и приправы
Кондитерские изделия;Мороженое
Кондитерские изделия;Кексы, рулеты, бисквиты, круассаны
Кондитерские изделия;Печенье, крекеры, вафли, зефир
Кондитерские изделия;Покупные торты
Кондитерские изделия;Покупные десерты, пудинги
Кондитерские изделия;Шоколадные плитки, батончики
Кондитерские изделия;Развесные шоколадные конфеты
Кондитерские изделия;Шоколадные ассорти и другие конфеты в упаковке
Кондитерские изделия;Сухарики в упаковке
Кондитерские изделия;Орешки в упаковке, ореховые смеси с сухофруктами
Кондитерские изделия;Орехи, ягоды в шоколаде, глазури
Кондитерские изделия;Чипсы
Кондитерские изделия;Семечки в упаковке
Кондитерские изделия;Жевательные конфеты
Кондитерские изделия;Жевательная резинка
Кондитерские изделия;Драже, леденцы, пластинки, освежающие дыхание
Кондитерские изделия;Леденцы и карамель (кроме освежающих дыхание)
Безалкогольные напитки;Прохладительные напитки
Безалкогольные напитки;Горячие напитки
Безалкогольные напитки;Покупной холодный чай
Безалкогольные напитки;Минеральная и покупная питьевая вода
Безалкогольные напитки;Покупные фруктовые и овощные соки, нектары, напитки
Безалкогольные напитки;Энергетические напитки
Безалкогольные напитки;Квас
Алкогольные напитки;Пиво
Алкогольные напитки;Вермут
Алкогольные напитки;Готовые слабоалкогольные коктейли
Алкогольные напитки;Крепкие алкогольные напитки (кроме водки)
Алкогольные напитки;Водка
Алкогольные напитки;Шампанское и другие игристые вина
Алкогольные напитки;Вино
Табак и курительные принадлежности;Курение
Табак и курительные принадлежности;Сигареты, табак
Табак и курительные принадлежности;Зажигалки
Медицина;Частота недомоганий
Медицина;Посещение врачей, клиник
Медицина;Использование медицинских средств и препаратов
Уход, косметика, парфюмерия;Средства по уходу за кожей лица
Уход, косметика, парфюмерия;Средства по уходу за кожей тела
Уход, косметика, парфюмерия;Декоративная косметика
Уход, косметика, парфюмерия;Парфюмерия
Средства гигиены;Зубная паста, щетки, зубные нити
Средства гигиены;Жидкости для полоскания полости рта
Средства гигиены;Шампуни, бальзамы, кондиционеры, маски для волос
Средства гигиены;Красители, средства для укладки волос
Средства гигиены;Гели для душа, добавки для ванн, мыло
Средства гигиены;Средства для ухода за проблемной кожей
Средства гигиены;Дезодоранты
Средства гигиены;Предметы женской гигиены
Средства гигиены;Средства для бритья и эпиляции
Средства гигиены;Бумажные носовые платки
Одежда, обувь и аксессуары;Одежда
Одежда, обувь и аксессуары;Обувь
Одежда, обувь и аксессуары;Колготки, чулки (женские покупки)
Одежда, обувь и аксессуары;Нижнее белье
Одежда, обувь и аксессуары;Наручные часы
Одежда, обувь и аксессуары;Ювелирные изделия
Товары для детей;Покупное детское питание
Товары для детей;Детский шампунь
Товары для детей;Средства по уходу за кожей для детей
Товары для детей;Детская зубная паста
Товары для детей;Подгузники
Товары для детей;Детская одежда и обувь
Товары для детей;Детские игрушки
Домашние животные;Корма для кошек
Домашние животные;Корма для собак
Домашние животные;Наполнители для кошачьих туалетов
Бытовая химия;Чистящие средства
Бытовая химия;Средства для мытья посуды
Бытовая химия;Стиральные порошки, жидкости, гели
Бытовая химия;Отбеливатели и пятновыводители
Бытовая химия;Кондиционеры, ополаскиватели для белья
Бытовая химия;Средства для защиты от комаров
Бытовая химия;Средства от домашних насекомых
Бытовая химия;Средства для чистки и полировки обуви
Бытовая химия;Освежители, ароматизаторы воздуха
Бытовая химия;Бумажные полотенца
Бытовая химия;Туалетная бумага
Товары и оборудование для дома, дачи;Кухонные принадлежности
Товары и оборудование для дома, дачи;Бытовые фильтры для воды
Товары и оборудование для дома, дачи;Мебель
Товары и оборудование для дома, дачи;Материалы и оборудование для ремонта
Бытовая техника;Стиральная машина
Бытовая техника;Холодильник
Бытовая техника;Плита
Бытовая техника;Кондиционер
Бытовая техника;Пылесос
Бытовая техника;Микроволновая печь
Бытовая техника;Вытяжка
Бытовая техника;Посудомоечная машина
Бытовая техника;Электрообогреватель
Бытовая техника;Мелкая бытовая техника
Видео и аудиотехника;Телевизор
Видео и аудиотехника;Видеокамера
Видео и аудиотехника;Домашний кинотеатр
Видео и аудиотехника;Игровая приставка
Видео и аудиотехника;Радиоприемник
Видео и аудиотехника;Переносной магнитофон / магнитола
Видео и аудиотехника;Музыкальный центр
Видео и аудиотехника;Стационарный CD-проигрыватель
Видео и аудиотехника;Портативный аудиоплеер
Видео и аудиотехника;Батарейки
Видео и аудиотехника;DVD/ Blu-Ray – устройство
Компьютер и периферия;Системный блок
Компьютер и периферия;Монитор
Компьютер и периферия;Принтер
Компьютер и периферия;Сканер
Компьютер и периферия;Планшет
Компьютер и периферия;Портативный компьютер
Компьютер и периферия;Другая периферия
Средства связи;Сотовые телефоны, смартфоны, коммуникаторы
Средства связи;Обычные телефоны(с проводом)
Средства связи;Радиотелефоны
Автомобиль;Автомобиль
Автомобиль;Бензин, топливо
Автомобиль;Автомобильные масла и др.
Автомобиль;Шины
Автомобиль;Автопринадлежности
Автомобиль;Автомагнитолы
Автомобиль;Автокосметика
Автомобиль;Мотоциклы
Транспорт, улицы;Общественный наземный транспорт
Транспорт, улицы;Метро
Транспорт, улицы;Улицы Москвы, Санкт-Петербурга
Услуги;Услуги связи
Услуги;Недвижимость
Услуги;Терминалы для приема платежей
Услуги;Фитнес-клубы, тренажерные залы
Услуги;Компании прямых продаж
Услуги;Почтовые и курьерские компании
Услуги;Дисконтные и бонусные карты
Финансы и страхование;Банки
Финансы и страхование;Банковский счет, банковские карты
Финансы и страхование;Страхование
Финансы и страхование;Управляющие компании
Финансы и страхование;Другие финансовые услуги
Отдых, путешествия, туризм;Туристические компании
Отдых, путешествия, туризм;Авиакомпании
Отдых, путешествия, туризм;Путешествия по России
Отдых, путешествия, туризм;Путешествия за границу
Магазины;Аптеки
Магазины;Магазины мебели, товаров для дома и ремонта
Магазины;Торговые центры
Магазины;Магазины для детей и мам
Магазины;Магазины оптики (Москва, СПб)
Магазины;Магазины бытовой техники и электроники
Магазины;Магазины одежды и обуви (Москва, СПб)
Магазины;Спортивные магазины (Москва, СПб)
Магазины;Магазины парфюмерии, косметики (Москва, СПб)
Магазины;Салоны сотовой связи
Магазины;Книжные магазины (Москва, СПб)
Магазины;Магазины продуктов питания
Магазины;Автомагазины (Москва, СПб)
Магазины;Другие магазины (Москва, СПб)
